{
  "samples": {
    "wikipedia": [
      0.12915992736816406
    ],
    "ddg": [
      0.19678258895874023
    ]
  },
  "success": {
    "wikipedia": {
      "ok": 0,
      "fail": 1
    },
    "ddg": {
      "ok": 1,
      "fail": 0
    }
  },
  "timestamp": 1782657050.2083488
}